climber,route,crag_region,date,climbing_style,difficulty_grade,weight
,,,,,,redpoint
,,,,,,redpoint
,,,,,,flash
,,,,,,onsight
,,,,,,flash
,,,,,,redpoint
,,,,,,dog
,,,,,,redpoint
,,,,,,onsight
,,,,,,onsight
,,,,,,tick
,,,,,,onsight
,,,,,,clean
,,,,,,flash
,,,,,,dog
,,,,,,onsight
,,,,,,dog
,,,,,,onsight
,,,,,,attempt
,,,,,,clean
,,,,,,flash
,,,,,,flash
,,,,,,flash
,,,,,,redpoint
,,,,,,dog
,,,,,,redpoint
,,,,,,flash
,,,,,,onsight
,,,,,,redpoint
,,,,,,redpoint
,,,,,,redpoint
,,,,,,working
,,,,,,redpoint
,,,,,,redpoint
,,,,,,redpoint
,,,,,,dog
,,,,,,onsight
,,,,,,onsight
,,,,,,onsight
,,,,,,redpoint
,,,,,,tick
,,,,,,tick
,,,,,,onsight
,,,,,,redpoint
,,,,,,redpoint
,,,,,,flash
,,,,,,redpoint
,,,,,,redpoint
,,,,,,onsight
,,,,,,allfreewithrest
,,,,,,onsight
,,,,,,onsight
,,,,,,onsight
,,,,,,redpoint
,,,,,,redpoint
,,,,,,redpoint
,,,,,,redpoint
,,,,,,onsight
,,,,,,onsight
,,,,,,onsight
,,,,,,onsight
,,,,,,onsight
,,,,,,flash
,,,,,,onsight
,,,,,,onsight
,,,,,,onsight
,,,,,,onsight
,,,,,,onsight
,,,,,,onsight
,,,,,,onsight
,,,,,,redpoint
,,,,,,onsight
,,,,,,redpoint
,,,,,,redpoint
,,,,,,redpoint
,,,,,,redpoint
,,,,,,redpoint
,,,,,,redpoint
,,,,,,redpoint
,,,,,,onsight
,,,,,,redpoint
,,,,,,allfreewithrest
,,,,,,onsight
,,,,,,onsight
,,,,,,onsight
,,,,,,redpoint
,,,,,,working
,,,,,,redpoint
,,,,,,redpoint
,,,,,,redpoint
,,,,,,redpoint
,,,,,,redpoint
,,,,,,redpoint
,,,,,,redpoint
,,,,,,redpoint
,,,,,,flash
,,,,,,dog
,,,,,,flash
,,,,,,flash
,,,,,,onsight
,,,,,,onsight
,,,,,,onsight
,,,,,,onsight
,,,,,,onsight
,,,,,,onsight
,,,,,,onsight
,,,,,,dog
,,,,,,onsight
,,,,,,onsight
,,,,,,onsight
,,,,,,onsight
,,,,,,onsight
,,,,,,onsight
,,,,,,redpoint
,,,,,,flash
,,,,,,onsight
,,,,,,flash
,,,,,,flash
,,,,,,flash
,,,,,,onsight
,,,,,,onsight
,,,,,,redpoint
,,,,,,dog
,,,,,,flash
,,,,,,onsight
,,,,,,onsight
,,,,,,onsight
,,,,,,onsight
,,,,,,onsight
,,,,,,attempt
,,,,,,redpoint
,,,,,,working
,,,,,,redpoint
,,,,,,redpoint
,,,,,,flash
,,,,,,flash
,,,,,,flash
,,,,,,pinkpoint
,,,,,,onsight
,,,,,,onsight
,,,,,,flash
,,,,,,allfreewithrest
,,,,,,flash
,,,,,,onsight
,,,,,,onsight
,,,,,,onsight
,,,,,,redpoint
,,,,,,onsight
,,,,,,dog
,,,,,,attempt
,,,,,,onsight
,,,,,,greenpoint
,,,,,,flash
,,,,,,dog
,,,,,,onsight
,,,,,,onsight
,,,,,,onsight
,,,,,,working
,,,,,,flash
,,,,,,dog
,,,,,,flash
,,,,,,dog
,,,,,,onsight
,,,,,,pinkpoint
,,,,,,onsight
,,,,,,onsight
,,,,,,onsight
,,,,,,onsight
,,,,,,onsight
,,,,,,onsight
,,,,,,onsight
,,,,,,onsight
,,,,,,onsight
,,,,,,onsight
,,,,,,onsight
,,,,,,onsight
,,,,,,onsight
,,,,,,onsight
,,,,,,onsight
,,,,,,dog
,,,,,,tick
,,,,,,onsight
,,,,,,flash
,,,,,,onsight
,,,,,,redpoint
,,,,,,working
,,,,,,attempt
,,,,,,allfreewithrest
,,,,,,onsight
,,,,,,onsight
,,,,,,attempt
,,,,,,onsight
,,,,,,onsight
,,,,,,attempt
,,,,,,onsight
,,,,,,onsight
,,,,,,onsight
,,,,,,onsight
,,,,,,onsight
,,,,,,onsight
,,,,,,redpoint
,,,,,,redpoint
,,,,,,onsight
,,,,,,attempt
,,,,,,onsight
,,,,,,onsight
,,,,,,onsight
,,,,,,onsight
,,,,,,onsight
,,,,,,onsight
,,,,,,onsight
,,,,,,redpoint
,,,,,,redpoint
,,,,,,redpoint
,,,,,,redpoint
,,,,,,redpoint
,,,,,,onsight
,,,,,,flash
,,,,,,dog
,,,,,,onsight
,,,,,,redpoint
,,,,,,flash
,,,,,,flash
,,,,,,dog
,,,,,,redpoint
,,,,,,dog
,,,,,,dog
,,,,,,redpoint
,,,,,,onsight
,,,,,,tick
,,,,,,leadsolo
,,,,,,leadsolo
,,,,,,leadsolo
,,,,,,leadsolo
,,,,,,leadsolo
,,,,,,onsight
,,,,,,onsight
,,,,,,pinkpoint
,,,,,,pinkpoint
,,,,,,flash
,,,,,,flash
,,,,,,onsight
,,,,,,onsight
,,,,,,onsight
,,,,,,onsight
,,,,,,onsight
,,,,,,redpoint
,,,,,,onsight
,,,,,,onsight
,,,,,,dog
,,,,,,onsight
,,,,,,redpoint
,,,,,,dog
,,,,,,dog
,,,,,,onsight
,,,,,,onsight
,,,,,,onsight
,,,,,,dog
,,,,,,onsight
,,,,,,dog
,,,,,,redpoint
,,,,,,redpoint
,,,,,,leadsolo
,,,,,,redpoint
,,,,,,onsight
,,,,,,dog
,,,,,,working
,,,,,,onsight
,,,,,,onsight
,,,,,,onsight
,,,,,,dog
,,,,,,flash
,,,,,,redpoint
,,,,,,redpoint
,,,,,,redpoint
,,,,,,redpoint
,,,,,,onsight
,,,,,,onsight
,,,,,,onsight
,,,,,,flash
,,,,,,onsight
,,,,,,onsight
,,,,,,onsight
,,,,,,redpoint
,,,,,,onsight
,,,,,,flash
,,,,,,redpoint
,,,,,,redpoint
,,,,,,redpoint
,,,,,,redpoint
,,,,,,onsight
,,,,,,redpoint
,,,,,,redpoint
,,,,,,dog
,,,,,,redpoint
,,,,,,redpoint
,,,,,,redpoint
,,,,,,redpoint
,,,,,,dog
,,,,,,dog
,,,,,,redpoint
,,,,,,dog
,,,,,,redpoint
,,,,,,clean
,,,,,,onsight
,,,,,,clean
,,,,,,redpoint
,,,,,,redpoint
,,,,,,pinkpoint
,,,,,,onsight
,,,,,,flash
,,,,,,flash
,,,,,,redpoint
,,,,,,redpoint
,,,,,,redpoint
,,,,,,dog
,,,,,,dog
,,,,,,onsight
,,,,,,onsight
,,,,,,onsight
,,,,,,onsight
,,,,,,flash
,,,,,,onsight
,,,,,,onsight
,,,,,,redpoint
,,,,,,redpoint
,,,,,,flash
,,,,,,attempt
,,,,,,dog
,,,,,,onsight
,,,,,,onsight
,,,,,,onsight
,,,,,,onsight
,,,,,,pinkpoint
,,,,,,pinkpoint
,,,,,,dog
,,,,,,redpoint
,,,,,,onsight
,,,,,,clean
,,,,,,clean
,,,,,,clean
,,,,,,clean
,,,,,,clean
,,,,,,clean
,,,,,,clean
,,,,,,clean
,,,,,,clean
,,,,,,flash
,,,,,,onsight
,,,,,,redpoint
,,,,,,dog
,,,,,,dog
,,,,,,redpoint
,,,,,,onsight
,,,,,,redpoint
,,,,,,flash
,,,,,,flash
,,,,,,flash
,,,,,,onsight
,,,,,,flash
,,,,,,dog
,,,,,,attempt
,,,,,,onsight
,,,,,,onsight
,,,,,,onsight
,,,,,,tick
,,,,,,working
,,,,,,dog
,,,,,,redpoint
,,,,,,redpoint
,,,,,,onsight
,,,,,,dog
,,,,,,onsight
,,,,,,onsight
,,,,,,onsight
,,,,,,onsight
,,,,,,onsight
,,,,,,flash
,,,,,,dog
,,,,,,onsight
,,,,,,onsight
,,,,,,flash
,,,,,,flash
,,,,,,flash
,,,,,,flash
,,,,,,onsight
,,,,,,redpoint
,,,,,,redpoint
,,,,,,redpoint
,,,,,,redpoint
,,,,,,redpoint
,,,,,,onsight
,,,,,,onsight
,,,,,,dog
,,,,,,dog
,,,,,,redpoint
,,,,,,redpoint
,,,,,,redpoint
,,,,,,redpoint
,,,,,,redpoint
,,,,,,onsight
,,,,,,onsight
,,,,,,onsight
,,,,,,dog
,,,,,,dog
,,,,,,redpoint
,,,,,,onsight
,,,,,,working
,,,,,,dog
,,,,,,dog
,,,,,,dog
,,,,,,redpoint
,,,,,,onsight
,,,,,,onsight
,,,,,,onsight
,,,,,,dog
,,,,,,redpoint
,,,,,,flash
,,,,,,redpoint
,,,,,,onsight
,,,,,,onsight
,,,,,,onsight
,,,,,,redpoint
,,,,,,flash
,,,,,,flash
,,,,,,flash
,,,,,,tick
,,,,,,onsight
,,,,,,onsight
,,,,,,redpoint
,,,,,,onsight
,,,,,,dog
,,,,,,redpoint
,,,,,,redpoint
,,,,,,dog
,,,,,,redpoint
,,,,,,onsight
,,,,,,flash
,,,,,,dog
,,,,,,redpoint
,,,,,,onsight
,,,,,,redpoint
,,,,,,onsight
,,,,,,flash
,,,,,,dog
,,,,,,onsight
,,,,,,onsight
,,,,,,onsight
,,,,,,clean
,,,,,,clean
,,,,,,onsight
,,,,,,clean
,,,,,,redpoint
,,,,,,redpoint
,,,,,,redpoint
,,,,,,redpoint
,,,,,,onsight
,,,,,,onsight
,,,,,,onsight
,,,,,,onsight
,,,,,,dog
,,,,,,dog
,,,,,,redpoint
,,,,,,onsight
,,,,,,dog
,,,,,,onsight
,,,,,,dog
,,,,,,flash
,,,,,,flash
,,,,,,dog
,,,,,,flash
,,,,,,flash
,,,,,,onsight
,,,,,,onsight
,,,,,,onsight
,,,,,,onsight
,,,,,,dog
,,,,,,clean
,,,,,,redpoint
,,,,,,redpoint
,,,,,,dog
,,,,,,onsight
,,,,,,onsight
,,,,,,redpoint
,,,,,,flash
,,,,,,pinkpoint
,,,,,,redpoint
,,,,,,onsight
,,,,,,flash
,,,,,,onsight
,,,,,,dog
,,,,,,redpoint
,,,,,,redpoint
,,,,,,redpoint
,,,,,,redpoint
,,,,,,redpoint
,,,,,,flash
,,,,,,redpoint
,,,,,,redpoint
,,,,,,attempt
,,,,,,onsight
,,,,,,dog
,,,,,,onsight
,,,,,,flash
,,,,,,onsight
,,,,,,redpoint
,,,,,,redpoint
,,,,,,redpoint
,,,,,,redpoint
,,,,,,dog
,,,,,,onsight
,,,,,,redpoint
,,,,,,redpoint
,,,,,,attempt
,,,,,,redpoint
,,,,,,redpoint
,,,,,,flash
,,,,,,flash
,,,,,,onsight
,,,,,,clean
,,,,,,onsight
,,,,,,flash
,,,,,,attempt
,,,,,,send
,,,,,,redpoint
,,,,,,dog
,,,,,,redpoint
,,,,,,flash
,,,,,,onsight
,,,,,,flash
,,,,,,attempt
,,,,,,tick
,,,,,,redpoint
,,,,,,onsight
,,,,,,onsight
,,,,,,dog
,,,,,,attempt
,,,,,,attempt
,,,,,,flash
,,,,,,onsight
,,,,,,redpoint
,,,,,,redpoint
,,,,,,redpoint
,,,,,,onsight
,,,,,,redpoint
,,,,,,flash
,,,,,,redpoint
,,,,,,clean
,,,,,,allfreewithrest
,,,,,,onsight
,,,,,,onsight
,,,,,,pinkpoint
,,,,,,onsight
,,,,,,onsight
,,,,,,dog
,,,,,,onsight
,,,,,,dog
,,,,,,onsight
,,,,,,dog
,,,,,,onsight
,,,,,,flash
,,,,,,dog
,,,,,,flash
,,,,,,dog
,,,,,,onsight
,,,,,,onsight
,,,,,,onsight
,,,,,,flash
,,,,,,flash
,,,,,,pinkpoint
,,,,,,pinkpoint
,,,,,,dog
,,,,,,flash
,,,,,,onsight
,,,,,,tick
,,,,,,onsight
,,,,,,onsight
,,,,,,redpoint
,,,,,,onsight
,,,,,,flash
,,,,,,onsight
,,,,,,dog
,,,,,,redpoint
,,,,,,redpoint
,,,,,,redpoint
,,,,,,redpoint
,,,,,,redpoint
,,,,,,redpoint
,,,,,,ropedsolo
,,,,,,ropedsolo
,,,,,,ropedsolo
,,,,,,ropedsolo
,,,,,,ropedsolo
,,,,,,onsight
,,,,,,redpoint
,,,,,,redpoint
,,,,,,onsight
,,,,,,redpoint
,,,,,,redpoint
,,,,,,onsight
,,,,,,attempt
,,,,,,onsight
,,,,,,flash
,,,,,,onsight
,,,,,,clean
,,,,,,dog
,,,,,,redpoint
,,,,,,redpoint
,,,,,,clean
,,,,,,clean
,,,,,,attempt
,,,,,,attempt
,,,,,,attempt
,,,,,,clean
,,,,,,clean
,,,,,,onsight
,,,,,,onsight
,,,,,,onsight
,,,,,,onsight
,,,,,,dog
,,,,,,redpoint
,,,,,,onsight
,,,,,,onsight
,,,,,,onsight
,,,,,,onsight
,,,,,,redpoint
,,,,,,redpoint
,,,,,,redpoint
,,,,,,redpoint
,,,,,,redpoint
,,,,,,redpoint
,,,,,,redpoint
,,,,,,redpoint
,,,,,,redpoint
,,,,,,redpoint
,,,,,,redpoint
,,,,,,clean
,,,,,,clean
,,,,,,clean
,,,,,,clean
,,,,,,attempt
,,,,,,clean
,,,,,,clean
,,,,,,attempt
,,,,,,clean
,,,,,,clean
,,,,,,clean
,,,,,,onsight
,,,,,,onsight
,,,,,,redpoint
,,,,,,dog
,,,,,,dog
,,,,,,redpoint
,,,,,,clean
,,,,,,clean
,,,,,,clean
,,,,,,redpoint
,,,,,,onsight
,,,,,,dog
,,,,,,onsight
,,,,,,dog
,,,,,,onsight
,,,,,,onsight
,,,,,,onsight
,,,,,,onsight
,,,,,,onsight
,,,,,,onsight
,,,,,,dog
,,,,,,redpoint
,,,,,,dog
,,,,,,redpoint
,,,,,,redpoint
,,,,,,pinkpoint
,,,,,,flash
,,,,,,flash
,,,,,,flash
,,,,,,flash
,,,,,,redpoint
,,,,,,redpoint
,,,,,,dog
,,,,,,dog
,,,,,,dog
,,,,,,working
,,,,,,redpoint
,,,,,,redpoint
,,,,,,allfreewithrest
,,,,,,onsight
,,,,,,onsight
,,,,,,onsight
,,,,,,onsight
,,,,,,onsight
,,,,,,redpoint
,,,,,,allfreewithrest
,,,,,,onsight
,,,,,,dog
,,,,,,flash
,,,,,,redpoint
,,,,,,redpoint
,,,,,,flash
,,,,,,redpoint
